{
    "records": [
        {
            "attributes": {
                "type": "Account",
                "referenceId": "AccountRef2"
            },
            "Name": "Bowser Chevrolet",
            "BillingCity": "BEAVER FALLS",
            "BillingCountry": "United States",
            "BillingGeocodeAccuracy": "Address",
            "BillingLatitude": 40.743905,
            "BillingLongitude": -80.320384,
            "BillingPostalCode": "15010-3255",
            "BillingState": "PA",
            "BillingStreet": "201 7th Avenue",
            "Location_County__c": "BEAVER",
            "Mailing_County__c": "BEAVER",
            "ShippingCity": "BEAVER FALLS",
            "ShippingCountry": "United States",
            "ShippingGeocodeAccuracy": "Address",
            "ShippingLatitude": 40.743905,
            "ShippingLongitude": -80.320384,
            "ShippingPostalCode": "15010-4711",
            "ShippingState": "PA",
            "ShippingStreet": "201 7th Avenue",
            "Key_Rep__c": "00540000001oBBIAA2",
            "Site_Type__c": "@Site_Type__cRef15",
            "Current_DMS__c": "CDK - ASP",
            "ParentId": "@AccountRef1",
            "PartyID__c": "16205",
            "Party_Number__c": "33257701",
            "Segment_Code__c": "NAAT",
            "Migration_ID__c": "18680"
        },
        {
            "attributes": {
                "type": "Account",
                "referenceId": "AccountRef3"
            },
            "Name": "Bowser Hyundai of Chippewa",
            "BillingCity": "BEAVER FALLS",
            "BillingCountry": "United States",
            "BillingGeocodeAccuracy": "Address",
            "BillingLatitude": 40.781313,
            "BillingLongitude": -80.389596,
            "BillingPostalCode": "15010",
            "BillingState": "PA",
            "BillingStreet": "139 McKinley Road",
            "Location_County__c": "BEAVER",
            "Mailing_County__c": "BEAVER",
            "ShippingCity": "Beaver Falls",
            "ShippingCountry": "United States",
            "ShippingGeocodeAccuracy": "Zip",
            "ShippingLatitude": 40.7679,
            "ShippingLongitude": -80.3404,
            "ShippingPostalCode": "15010",
            "ShippingState": "PA",
            "Key_Rep__c": "00540000001oBBIAA2",
            "Site_Type__c": "@Site_Type__cRef15",
            "Current_DMS__c": "CDK - ASP",
            "ParentId": "@AccountRef1",
            "PartyID__c": "474958",
            "Party_Number__c": "168498",
            "Segment_Code__c": "NAAT",
            "Migration_ID__c": "474958"
        },
        {
            "attributes": {
                "type": "Account",
                "referenceId": "AccountRef4"
            },
            "Name": "Power of Bowser",
            "BillingCity": "PLEASANT HILLS",
            "BillingCountry": "United States",
            "BillingGeocodeAccuracy": "Address",
            "BillingLatitude": 40.319921,
            "BillingLongitude": -79.939689,
            "BillingPostalCode": "15236",
            "BillingState": "PA",
            "BillingStreet": "1001 Clairton Blvd",
            "Location_County__c": "ALLEGHENY",
            "Mailing_County__c": "ALLEGHENY",
            "ShippingCity": "PLEASANT HILLS",
            "ShippingCountry": "United States",
            "ShippingGeocodeAccuracy": "Address",
            "ShippingLatitude": 40.319921,
            "ShippingLongitude": -79.939689,
            "ShippingPostalCode": "15236",
            "ShippingState": "PA",
            "ShippingStreet": "1001 Clairton Blvd",
            "Key_Rep__c": "00540000001oBBIAA2",
            "Site_Type__c": "@Site_Type__cRef15",
            "Current_DMS__c": "CDK - ASP",
            "ParentId": "@AccountRef1",
            "PartyID__c": "16422",
            "Party_Number__c": "33201001",
            "Segment_Code__c": "NAAT",
            "Migration_ID__c": "16422"
        },
        {
            "attributes": {
                "type": "Account",
                "referenceId": "AccountRef5"
            },
            "Name": "Bowser Truck/Body Shop",
            "BillingCity": "CLAIRTON",
            "BillingCountry": "United States",
            "BillingGeocodeAccuracy": "Address",
            "BillingLatitude": 40.289941,
            "BillingLongitude": -79.911848,
            "BillingPostalCode": "15025",
            "BillingState": "PA",
            "BillingStreet": "2011 CLARITON BLVD",
            "Location_County__c": "ALLEGHENY",
            "Mailing_County__c": "ALLEGHENY",
            "ShippingCity": "CLAIRTON",
            "ShippingCountry": "United States",
            "ShippingGeocodeAccuracy": "Zip",
            "ShippingLatitude": 40.2949,
            "ShippingLongitude": -79.9087,
            "ShippingPostalCode": "15025",
            "ShippingState": "PA",
            "Key_Rep__c": "00540000001oBBIAA2",
            "Site_Type__c": "@Site_Type__cRef15",
            "Current_DMS__c": "CDK - ASP",
            "ParentId": "@AccountRef1",
            "PartyID__c": "916621",
            "Party_Number__c": "461408",
            "Segment_Code__c": "NAAT",
            "Migration_ID__c": "916621"
        },
        {
            "attributes": {
                "type": "Account",
                "referenceId": "AccountRef6"
            },
            "Name": "BOWSER CHEVROLET MONROEVILLE",
            "BillingCity": "MONROEVILLE",
            "BillingCountry": "United States",
            "BillingGeocodeAccuracy": "Address",
            "BillingLatitude": 40.431811,
            "BillingLongitude": -79.715682,
            "BillingPostalCode": "15146-2010",
            "BillingState": "PA",
            "BillingStreet": "1600 GOLDEN MILE HWY",
            "Location_County__c": "ALLEGHENY",
            "Mailing_County__c": "Allegheny",
            "ShippingCity": "Monroeville",
            "ShippingCountry": "United States",
            "ShippingGeocodeAccuracy": "Zip",
            "ShippingLatitude": 40.4284,
            "ShippingLongitude": -79.7651,
            "ShippingPostalCode": "15146",
            "ShippingState": "PA",
            "Key_Rep__c": "00540000001oBBIAA2",
            "Site_Type__c": "@Site_Type__cRef15",
            "Current_DMS__c": "CDK - ASP",
            "ParentId": "@AccountRef1",
            "PartyID__c": "16200",
            "Party_Number__c": "33264701",
            "Segment_Code__c": "NAAT",
            "Migration_ID__c": "16200"
        }
    ]
}