{
    "records": [
        {
            "attributes": {
                "type": "Opportunity",
                "referenceId": "OpportunityRef1"
            },
            "Name": "2020-10-30 Test Opportunity",
            "RecordTypeId": "012400000000xbUAAQ",
            "AccountId": "@AccountRef4",
            "ADP_Opportunity_Owner__c": "00540000001oBBIAA2",
            "CloseDate": "2021-02-26",
            "StageName": "0. Undiscovered",
            "OwnerId": "00540000000zU2KAAU",
            "Type": "Unhook",
            "Product_Sites__c": 1,
            "Is_any_item_product_that_is_being_sold__c": "No",
            "Add_On_or_Change_to_Prev_Contract__c": "No"
        },
        {
            "attributes": {
                "type": "Opportunity",
                "referenceId": "OpportunityRef2"
            },
            "Name": "2020-11-18 matt.keefe@cdk.com - Test Opp",
            "RecordTypeId": "012400000000xbUAAQ",
            "AccountId": "@AccountRef4",
            "ADP_Opportunity_Owner__c": "00540000001oBBIAA2",
            "CloseDate": "2020-11-30",
            "StageName": "0. Undiscovered",
            "OwnerId": "00540000000zU2KAAU",
            "Type": "Unhook",
            "Product_Sites__c": 5,
            "Is_any_item_product_that_is_being_sold__c": "No",
            "Add_On_or_Change_to_Prev_Contract__c": "No"
        },
        {
            "attributes": {
                "type": "Opportunity",
                "referenceId": "OpportunityRef3"
            },
            "Name": "2020-11-19 matt.keefe@cdk.com - Test",
            "RecordTypeId": "012400000000xbUAAQ",
            "AccountId": "@AccountRef4",
            "ADP_Opportunity_Owner__c": "00540000001oBBIAA2",
            "CloseDate": "2020-11-30",
            "StageName": "0. Undiscovered",
            "OwnerId": "00540000000zU2KAAU",
            "Type": "Unhook",
            "Product_Sites__c": 5,
            "Is_any_item_product_that_is_being_sold__c": "No",
            "Add_On_or_Change_to_Prev_Contract__c": "No"
        },
        {
            "attributes": {
                "type": "Opportunity",
                "referenceId": "OpportunityRef4"
            },
            "Name": "2020-12-03 Test",
            "RecordTypeId": "012400000000xbUAAQ",
            "AccountId": "@AccountRef4",
            "ADP_Opportunity_Owner__c": "00540000001oBBIAA2",
            "CloseDate": "2021-04-30",
            "StageName": "0. Undiscovered",
            "OwnerId": "00540000000zU2KAAU",
            "Type": "Unhook",
            "Product_Sites__c": 2,
            "Is_any_item_product_that_is_being_sold__c": "No",
            "Add_On_or_Change_to_Prev_Contract__c": "No"
        },
        {
            "attributes": {
                "type": "Opportunity",
                "referenceId": "OpportunityRef5"
            },
            "Name": "2020-12-10 Test Opportunity",
            "RecordTypeId": "012400000000xbUAAQ",
            "AccountId": "@AccountRef4",
            "ADP_Opportunity_Owner__c": "00540000001oBBIAA2",
            "CloseDate": "2020-12-31",
            "StageName": "0. Undiscovered",
            "OwnerId": "00540000000zU2KAAU",
            "Type": "Unhook",
            "Product_Sites__c": 1,
            "Is_any_item_product_that_is_being_sold__c": "No",
            "Add_On_or_Change_to_Prev_Contract__c": "No"
        },
        {
            "attributes": {
                "type": "Opportunity",
                "referenceId": "OpportunityRef6"
            },
            "Name": "2020-12-14 Test",
            "RecordTypeId": "012400000000xbUAAQ",
            "AccountId": "@AccountRef4",
            "ADP_Opportunity_Owner__c": "00540000001oBBIAA2",
            "CloseDate": "2020-12-31",
            "StageName": "0. Undiscovered",
            "OwnerId": "00540000000zU2KAAU",
            "Type": "Unhook",
            "Product_Sites__c": 5,
            "Is_any_item_product_that_is_being_sold__c": "No",
            "Add_On_or_Change_to_Prev_Contract__c": "No"
        }
    ]
}