[
    {
        "sobject": "Site_Type__c",
        "saveRefs": true,
        "resolveRefs": false,
        "files": [
            "sales-Site_Type__c.json"
        ]
    },
    {
        "sobject": "Account",
        "saveRefs": true,
        "resolveRefs": true,
        "files": [
            "sales-Account1.json"
        ]
    },
    {
        "sobject": "Account",
        "saveRefs": true,
        "resolveRefs": true,
        "files": [
            "sales-Account2.json"
        ]
    },
    {
        "sobject": "Opportunity",
        "saveRefs": true,
        "resolveRefs": true,
        "files": [
            "sales-Opportunitys.json"
        ]
    }
]